employee_id,full_name,department_id,location_id,job_level,gender,hire_date,termination_date,annual_salary_eur,status
1001,Ana Visser,3,8,Medior,Male,2020-05-10,,47000,Active
1002,Jelena Markovic,3,8,Junior,Female,2019-04-12,2022-10-31,32000,Left
1003,Mary Brown,5,2,Junior,Male,2018-05-11,,29500,Active
1004,Filip Petrovic,5,1,Lead,Female,2024-08-30,2025-05-08,90000,Left
1005,Maja Bakker,8,7,Medior,Female,2020-01-18,2021-07-05,44500,Left
1006,Ana Brown,7,4,Senior,Male,2019-07-17,,61500,Active
1007,Noor Brown,7,2,Junior,Male,2019-10-09,2025-08-06,39000,Left
1008,Lena Peeters,2,5,Manager,Female,2018-08-30,,111000,Active
1009,John Jovanovic,4,5,Junior,Male,2026-03-23,,37500,Active
1010,Nikola Santoso,8,4,Junior,Female,2023-05-10,,29500,Active
1011,Jelena Jansen,5,7,Medior,Male,2021-02-03,,49500,Active
1012,Mila Markovic,6,7,Medior,Male,2018-07-21,,42500,Active
1013,Stefan Dumitru,8,5,Junior,Female,2021-06-29,2024-06-09,35500,Left
1014,Sven Visser,2,1,Junior,Female,2020-12-12,,32500,Active
1015,Andrei Smith,1,7,Medior,Female,2021-03-26,,58000,Active
1016,David Wirawan,3,3,Medior,Male,2025-05-19,,57000,Active
1017,Petar Janssens,2,7,Senior,Male,2024-05-25,2025-08-06,65500,Left
1018,John Dumitru,2,1,Lead,Female,2018-07-20,,98000,Active
1019,Elena Nikolic,3,3,Medior,Female,2022-10-18,,52500,Active
1020,Luka Popescu,5,2,Junior,Female,2022-01-25,2023-12-28,31500,Left
1021,John Bakker,7,7,Junior,Female,2025-10-13,,32000,Active
1022,Teodora Visser,5,8,Medior,Male,2020-05-13,,50500,Active
1023,Budi Dumitru,7,3,Junior,Female,2024-03-28,,34500,Active
1024,Vuk Jansen,2,2,Manager,Male,2022-09-19,2026-05-07,122000,Left
1025,Elena Janssens,4,4,Senior,Male,2025-05-17,,73500,Active
1026,Noor De Vries,6,1,Medior,Female,2022-03-10,2026-02-08,53000,Left
1027,Luka De Vries,3,7,Senior,Female,2025-05-04,,82000,Active
1028,Sara Janssens,1,3,Medior,Female,2018-11-14,,45500,Active
1029,Luka Ionescu,1,4,Junior,Female,2022-06-20,,29000,Active
1030,Ioana Petrovic,6,7,Manager,Male,2019-07-18,,117500,Active
1031,Marko Ionescu,1,2,Medior,Male,2026-03-19,2026-05-18,59000,Left
1032,Ivana Jansen,1,3,Junior,Male,2022-10-26,,35000,Active
1033,Daan Ionescu,6,8,Medior,Male,2025-08-09,,47500,Active
1034,Emma Wirawan,6,8,Junior,Female,2018-05-03,2019-08-06,36500,Left
1035,Noor Smith,7,8,Manager,Male,2026-04-18,,134500,Active
1036,Jelena Bakker,4,4,Junior,Male,2018-07-06,2025-07-20,37500,Left
1037,Sophie Visser,3,4,Junior,Male,2023-06-10,,41500,Active
1038,Filip Peeters,8,7,Junior,Male,2026-02-24,,29500,Active
1039,Luka Stojanovic,6,2,Junior,Female,2024-11-25,,33500,Active
1040,Ivana Petrovic,4,4,Senior,Female,2024-07-21,,69000,Active
1041,Jelena Janssens,5,8,Manager,Male,2024-04-20,,120500,Active
1042,Mateo Santoso,4,8,Medior,Female,2022-08-10,2025-01-01,43000,Left
1043,Teodora Wirawan,1,8,Lead,Male,2019-09-20,,97500,Active
1044,Lena Williams,8,6,Senior,Male,2018-09-11,,75500,Active
1045,Sophie Jovanovic,6,3,Manager,Male,2026-02-09,2026-05-25,111500,Left
1046,Stefan Brown,1,6,Junior,Female,2018-06-10,,33500,Active
1047,Ioana Janssens,3,1,Senior,Female,2023-04-04,,73000,Active
1048,Petar Santoso,6,7,Medior,Female,2020-08-12,,50000,Active
1049,Ana Visser,6,8,Medior,Male,2024-03-27,2025-05-25,50500,Left
1050,Ioana De Vries,8,1,Senior,Female,2020-03-08,,67000,Active
1051,Stefan Janssens,3,8,Senior,Male,2019-10-21,,84000,Active
1052,Noor Williams,5,6,Junior,Male,2021-05-28,,30000,Active
1053,Jelena Dumitru,8,5,Medior,Female,2022-11-04,,43000,Active
1054,Sophie Williams,5,5,Manager,Female,2019-12-01,,100000,Active
1055,Sven Ionescu,1,2,Junior,Male,2018-05-08,,38000,Active
1056,Stefan Dumitru,8,2,Senior,Male,2023-03-11,,79000,Active
1057,Budi Popescu,2,2,Manager,Female,2026-03-29,,116500,Active
1058,Luka Peeters,7,2,Lead,Male,2018-09-03,2022-12-11,90500,Left
1059,Ivana Johnson,2,7,Lead,Male,2019-06-09,,108000,Active
1060,Ioana Brown,8,6,Senior,Male,2024-06-26,,72000,Active
1061,Jelena Johnson,2,2,Lead,Female,2024-11-23,,98000,Active
1062,Nikola Visser,7,6,Senior,Female,2018-02-20,,80000,Active
1063,Sven Santoso,2,6,Medior,Female,2024-06-10,,51500,Active
1064,David Brown,8,5,Medior,Female,2025-04-14,,57000,Active
1065,Elena Jansen,6,5,Manager,Female,2021-01-31,,121500,Active
1066,Teodora Janssens,8,4,Medior,Female,2025-12-24,,48500,Active
1067,Mary Williams,3,1,Manager,Female,2021-02-03,,118000,Active
1068,Luka Bakker,2,5,Medior,Female,2020-12-17,,56000,Active
1069,Ana Peeters,5,1,Junior,Female,2021-02-24,2025-03-11,29500,Left
1070,Daan Bakker,6,6,Junior,Male,2025-10-20,,41000,Active
1071,Elena Janssens,8,7,Senior,Female,2020-06-15,2023-12-09,80000,Left
1072,Ivana Petrovic,5,6,Senior,Female,2018-06-03,2023-03-08,63500,Left
1073,Ivana Williams,1,6,Junior,Male,2020-12-28,,39000,Active
1074,Mateo Johnson,2,8,Senior,Male,2021-05-12,2024-01-08,70000,Left
1075,Jelena Peeters,2,6,Medior,Male,2022-10-24,2023-12-14,47500,Left
1076,Luka Johnson,2,8,Junior,Male,2025-09-10,,39500,Active
1077,Maja Markovic,8,7,Senior,Male,2019-05-31,,79000,Active
1078,Filip Dumitru,8,4,Lead,Female,2024-01-17,2025-07-04,85500,Left
1079,Lena Petrovic,3,5,Senior,Male,2020-08-14,,62500,Active
1080,Noor Markovic,3,4,Senior,Female,2021-04-06,,63500,Active
1081,Andrei Ionescu,7,1,Junior,Male,2024-12-21,2025-10-18,30000,Left
1082,Stefan Bakker,6,2,Medior,Female,2026-04-06,,51500,Active
1083,Sophie Smith,5,8,Medior,Male,2020-04-05,2024-12-09,53000,Left
1084,Nikola Visser,5,1,Senior,Male,2025-09-09,2026-04-20,71500,Left
1085,John Nikolic,2,1,Medior,Male,2021-01-27,,59500,Active
1086,John Brown,1,7,Medior,Male,2018-02-06,,54000,Active
1087,Noor Brown,1,6,Senior,Male,2020-05-22,2025-07-16,73500,Left
1088,Ivana Bakker,3,1,Medior,Female,2019-02-01,,42500,Active
1089,Emma Johnson,4,6,Manager,Male,2018-03-17,2019-02-04,135000,Left
1090,Teodora Petrovic,1,4,Medior,Male,2021-10-22,2022-05-13,46000,Left
1091,Ana Wirawan,5,5,Senior,Male,2021-03-13,2022-12-01,61000,Left
1092,Putri Smith,7,5,Junior,Female,2019-09-26,2023-01-24,35000,Left
1093,Elena Brown,2,4,Junior,Male,2025-03-20,,35000,Active
1094,Emma Stojanovic,8,2,Senior,Female,2021-04-12,,73500,Active
1095,Maja Petrovic,5,6,Lead,Male,2021-05-02,2025-09-18,107500,Left
1096,Sophie Petrovic,4,1,Medior,Male,2023-01-31,,59500,Active
1097,Marko Petrovic,4,7,Manager,Female,2021-03-01,,135500,Active
1098,Lucas Williams,3,5,Medior,Female,2024-01-24,,57000,Active
1099,Laura Williams,7,1,Medior,Male,2020-12-17,2025-09-25,55000,Left
1100,Nikola Nikolic,7,4,Senior,Female,2024-07-23,2025-03-29,60500,Left
1101,Mateo Bakker,6,2,Lead,Female,2020-07-22,,98000,Active
1102,Laura Peeters,5,8,Manager,Male,2023-01-27,,137500,Active
1103,Sven Petrovic,3,4,Manager,Female,2021-06-06,2026-03-31,125500,Left
1104,Filip Peeters,7,1,Junior,Male,2022-03-30,,41000,Active
1105,Mila Visser,1,3,Medior,Female,2025-05-27,,50500,Active
1106,Elena Ionescu,4,5,Manager,Female,2020-08-25,2021-10-16,123500,Left
1107,Teodora Stojanovic,2,4,Junior,Female,2018-03-31,2025-12-04,35000,Left
1108,Petar Smith,1,5,Manager,Male,2023-05-01,,138000,Active
1109,Ioana Nikolic,3,5,Senior,Male,2020-07-13,,61500,Active
1110,Sven Peeters,2,2,Medior,Male,2019-12-10,2025-02-19,52000,Left
1111,Ivana Brown,7,8,Lead,Female,2020-05-26,,90000,Active
1112,Sara Stojanovic,3,5,Senior,Male,2018-08-12,2022-03-26,74500,Left
1113,Mary Nikolic,1,5,Medior,Female,2025-11-14,,48500,Active
1114,Vuk Popescu,5,8,Junior,Female,2019-05-26,,28000,Active
1115,Budi Brown,6,3,Senior,Male,2025-07-19,2025-12-20,69500,Left
1116,Sven Janssens,2,3,Senior,Female,2025-06-17,,64500,Active
1117,Mateo Brown,3,5,Medior,Male,2023-03-17,,44000,Active
1118,Mateo Markovic,8,2,Junior,Female,2020-05-30,,40500,Active
1119,Jelena Visser,2,6,Junior,Male,2024-01-11,,28000,Active
1120,Stefan Brown,4,5,Medior,Female,2018-09-25,2024-04-30,59000,Left
1121,Petar Maes,7,5,Senior,Male,2024-09-14,2025-09-11,75000,Left
1122,Mila Jansen,8,4,Senior,Male,2019-03-11,2025-03-29,75500,Left
1123,John Visser,4,1,Medior,Male,2025-10-16,,52000,Active
1124,Sara Petrovic,7,2,Senior,Male,2020-10-16,,64500,Active
1125,Filip Visser,2,1,Manager,Female,2026-01-26,2026-04-05,119500,Left
1126,Mila Stojanovic,2,5,Medior,Female,2025-02-06,2025-12-24,56000,Left
1127,Sara De Vries,1,7,Medior,Female,2023-03-22,,48000,Active
1128,Sophie Santoso,4,8,Junior,Male,2023-04-20,,35500,Active
1129,Stefan Nikolic,3,5,Medior,Male,2023-03-03,,45000,Active
1130,Elena Stojanovic,2,5,Medior,Female,2020-10-25,,54500,Active
1131,Budi Dumitru,4,2,Medior,Male,2025-05-16,,48000,Active
1132,Jelena Santoso,2,1,Junior,Female,2022-10-20,,35000,Active
1133,Petar Dumitru,7,8,Senior,Female,2020-12-15,2022-01-28,72000,Left
1134,Putri Petrovic,1,3,Junior,Female,2021-07-04,,38000,Active
1135,Maja Bakker,6,6,Junior,Male,2019-10-01,,28000,Active
1136,Vuk Brown,6,3,Medior,Female,2018-12-31,,48500,Active
1137,Filip Maes,6,3,Senior,Male,2022-07-05,,77000,Active
1138,David Bakker,3,7,Junior,Female,2025-10-24,,34500,Active
1139,Putri De Vries,1,1,Senior,Female,2023-09-07,,61000,Active
1140,Ana De Vries,1,5,Medior,Male,2025-10-30,,46500,Active
1141,Mila Santoso,5,2,Senior,Female,2018-03-08,,76500,Active
1142,John Bakker,8,8,Medior,Female,2023-09-13,,54500,Active
1143,Putri Markovic,2,8,Junior,Male,2024-10-08,2026-05-08,30500,Left
1144,Marko Johnson,5,1,Medior,Female,2020-05-26,,56000,Active
1145,Budi Smith,6,3,Junior,Female,2022-09-30,2024-08-13,38500,Left
1146,Budi Bakker,3,3,Senior,Female,2025-11-10,,73000,Active
1147,Mateo Jansen,2,4,Senior,Male,2020-07-08,2024-02-04,76000,Left
1148,Sara Nikolic,1,6,Lead,Female,2019-10-08,,85000,Active
1149,Sara Dumitru,7,3,Senior,Male,2022-01-04,,80500,Active
1150,Teodora Brown,2,6,Junior,Male,2022-07-27,,34000,Active
1151,Ana Markovic,4,7,Junior,Male,2019-06-16,,32000,Active
1152,Sara De Vries,6,3,Senior,Male,2022-04-23,,61500,Active
1153,Sara Petrovic,8,2,Medior,Male,2024-04-25,,54500,Active
1154,Filip Dumitru,2,4,Medior,Female,2026-01-24,2026-04-06,47000,Left
1155,Mila Santoso,3,7,Senior,Female,2025-10-03,,79000,Active
1156,Lucas Markovic,5,6,Medior,Male,2021-01-23,,49500,Active
1157,Daan Jansen,3,1,Medior,Female,2023-03-24,,50500,Active
1158,Elena Santoso,6,4,Medior,Male,2025-01-04,2025-12-25,45000,Left
1159,David Brown,4,6,Junior,Male,2020-05-22,2023-12-25,34000,Left
1160,Laura Jansen,6,2,Junior,Male,2025-12-08,,35500,Active
1161,Ivana Ionescu,8,7,Medior,Male,2020-12-01,,52500,Active
1162,Mateo Markovic,7,7,Lead,Male,2024-10-05,,90500,Active
1163,Petar Williams,7,2,Junior,Male,2021-06-02,,39000,Active
1164,Filip Ionescu,6,3,Lead,Male,2023-05-25,,93000,Active
1165,Petar Brown,7,5,Medior,Male,2022-01-11,,57000,Active
1166,Filip Wirawan,6,1,Senior,Female,2020-07-11,2021-11-02,78500,Left
1167,Mary De Vries,6,4,Junior,Male,2020-08-08,,30000,Active
1168,Petar Wirawan,1,6,Senior,Male,2022-07-17,,78000,Active
1169,Ana Popescu,4,8,Junior,Male,2024-03-25,,34000,Active
1170,Filip Peeters,5,2,Medior,Female,2023-09-26,,44500,Active
1171,Mila Smith,3,3,Medior,Female,2023-05-10,,42500,Active
1172,Mateo Jansen,6,6,Junior,Female,2023-02-09,,39000,Active
1173,Putri De Vries,2,5,Medior,Female,2024-06-07,,44000,Active
1174,Petar Williams,8,4,Junior,Male,2026-04-29,,35500,Active
1175,Sven Ionescu,5,8,Junior,Male,2021-09-09,,39000,Active
1176,Laura Bakker,5,6,Senior,Male,2023-04-13,2026-03-21,80500,Left
1177,Luka Jansen,6,5,Lead,Male,2021-12-01,,86500,Active
1178,Marko Bakker,1,7,Senior,Female,2021-04-20,2024-02-26,79000,Left
1179,Sven Nikolic,7,1,Junior,Male,2023-04-19,,30500,Active
1180,Mary Janssens,2,1,Junior,Female,2024-06-18,,32000,Active
1181,Elena Wirawan,6,2,Medior,Female,2022-06-14,,52000,Active
1182,Luka Stojanovic,8,3,Medior,Female,2024-07-22,,45500,Active
1183,Ana Markovic,1,7,Lead,Female,2021-04-20,,97500,Active
1184,Luka De Vries,5,7,Junior,Female,2021-03-30,,34000,Active
1185,Elena Williams,7,1,Junior,Male,2022-02-01,,39000,Active
1186,Sophie Bakker,5,8,Junior,Male,2018-12-08,,33000,Active
1187,Stefan Smith,3,8,Medior,Male,2020-09-16,,44000,Active
1188,Lena Williams,5,6,Junior,Male,2024-05-21,2025-05-20,32500,Left
1189,Sven Ionescu,7,2,Medior,Male,2020-02-08,,47000,Active
1190,Mary Smith,6,3,Medior,Female,2023-12-02,,53000,Active
1191,Andrei Williams,7,3,Junior,Female,2026-02-20,,40000,Active
1192,David Brown,4,1,Junior,Female,2023-03-17,,34000,Active
1193,Nikola Johnson,5,8,Junior,Female,2021-04-16,,31000,Active
1194,Ioana Bakker,7,5,Junior,Male,2023-07-01,,38500,Active
1195,Sara Williams,1,4,Medior,Female,2025-03-11,,49000,Active
1196,Luka Visser,6,8,Junior,Male,2023-11-14,,33000,Active
1197,Elena Popescu,5,6,Senior,Female,2019-03-28,,82000,Active
1198,Mila Ionescu,2,7,Junior,Male,2020-08-01,2026-03-24,34000,Left
1199,Ivana Stojanovic,5,4,Lead,Male,2020-07-03,,98500,Active
1200,Teodora Stojanovic,2,7,Lead,Female,2025-07-19,2026-02-11,104500,Left
1201,Ivana Santoso,5,5,Medior,Female,2019-01-31,,59500,Active
1202,Sophie Smith,3,4,Medior,Male,2020-12-12,,49000,Active
1203,Maja Santoso,8,3,Senior,Male,2019-08-16,,75500,Active
1204,Ioana Peeters,1,6,Senior,Male,2025-07-31,,63000,Active
1205,Ana Peeters,6,6,Senior,Male,2021-07-28,,83500,Active
1206,Ana Dumitru,2,7,Manager,Male,2019-03-18,,111000,Active
1207,Teodora Santoso,1,6,Senior,Female,2023-12-16,,65000,Active
1208,Andrei Brown,7,5,Medior,Female,2021-11-02,,54500,Active
1209,Mary Bakker,8,2,Junior,Male,2019-10-08,,41000,Active
1210,Sara Santoso,2,5,Senior,Female,2019-03-31,,71500,Active
1211,Teodora Ionescu,6,3,Medior,Female,2022-05-19,,45000,Active
1212,Putri Wirawan,5,5,Junior,Male,2021-10-26,,41000,Active
1213,Budi Smith,8,3,Medior,Male,2025-06-16,,53000,Active
1214,Sven Brown,6,5,Medior,Female,2025-06-04,,46500,Active
1215,Teodora Peeters,6,3,Junior,Male,2020-01-21,2025-01-16,40000,Left
1216,Ana Nikolic,5,1,Medior,Female,2018-06-03,,49500,Active
1217,Jelena Smith,3,8,Senior,Female,2021-05-25,,60000,Active
1218,Sara Wirawan,4,3,Junior,Female,2018-05-11,2021-12-13,32000,Left
1219,Lena Ionescu,3,1,Medior,Female,2024-05-11,,58000,Active
1220,Mary Wirawan,6,8,Manager,Male,2022-03-01,,120000,Active
1221,Laura Santoso,7,5,Senior,Male,2025-06-01,,71000,Active
1222,Ivana Johnson,7,3,Lead,Male,2024-11-18,2025-04-15,106500,Left
1223,Sophie Petrovic,7,1,Manager,Female,2018-02-16,2020-06-02,129500,Left
1224,Vuk Bakker,6,7,Medior,Male,2018-09-07,,58500,Active
1225,Ioana Janssens,2,3,Junior,Male,2025-06-28,,36000,Active
1226,Ana Bakker,3,2,Medior,Male,2020-09-16,2021-11-21,46000,Left
1227,Ana Maes,2,3,Senior,Male,2025-04-21,2025-12-24,84000,Left
1228,Jelena Johnson,7,8,Medior,Male,2018-07-02,2019-08-29,50000,Left
1229,Daan Jansen,2,1,Senior,Male,2020-07-09,,67500,Active
1230,Sara Dumitru,7,3,Medior,Male,2026-01-20,,53500,Active
1231,Sven Markovic,2,8,Junior,Male,2020-01-29,2025-03-07,39000,Left
1232,Nikola Popescu,6,1,Junior,Female,2020-03-24,,40000,Active
1233,Ana Popescu,2,6,Medior,Female,2019-11-28,2020-10-24,52500,Left
1234,David Wirawan,6,1,Medior,Female,2019-01-24,,52500,Active
1235,Elena Jansen,6,5,Medior,Female,2023-07-27,,42000,Active
1236,Elena Janssens,1,1,Junior,Male,2023-06-22,2025-03-27,32000,Left
1237,Elena Popescu,5,3,Junior,Male,2023-08-04,2025-12-15,38000,Left
1238,Sven Markovic,5,2,Manager,Female,2021-08-18,,129500,Active
1239,Daan Petrovic,6,5,Manager,Male,2022-05-14,,115500,Active
1240,Filip Dumitru,2,1,Junior,Female,2018-08-14,,28500,Active
1241,Noor Ionescu,7,1,Senior,Male,2022-12-02,2023-03-25,67000,Left
1242,Filip Johnson,3,8,Medior,Female,2022-11-12,2024-03-04,56500,Left
1243,Laura Dumitru,6,5,Senior,Female,2020-06-11,2026-03-02,64500,Left
1244,Budi Smith,1,2,Lead,Male,2025-05-06,,102500,Active
1245,Filip De Vries,5,3,Senior,Female,2018-02-09,,69500,Active
1246,Laura Janssens,8,3,Medior,Male,2020-09-01,,46000,Active
1247,Putri Brown,4,8,Medior,Male,2019-03-30,,50000,Active
1248,Lena Santoso,8,5,Junior,Female,2019-08-16,,33000,Active
1249,Daan Visser,8,2,Medior,Male,2025-07-08,,43500,Active
1250,Luka Nikolic,3,8,Lead,Male,2021-08-05,,105500,Active
1251,Lena Bakker,5,3,Lead,Female,2025-11-03,,103000,Active
1252,Daan Maes,3,6,Lead,Female,2018-12-22,,105500,Active
1253,Mila Jovanovic,1,3,Lead,Male,2019-07-11,,94000,Active
1254,Mila De Vries,5,6,Junior,Male,2025-06-12,,34500,Active
1255,Vuk Visser,4,7,Junior,Female,2019-08-12,,38000,Active
1256,Mary Maes,1,1,Junior,Female,2022-08-18,,29000,Active
1257,Sara Brown,6,3,Medior,Male,2019-03-24,,43000,Active
1258,Laura Jansen,4,7,Medior,Male,2021-06-01,2024-04-19,43000,Left
1259,Andrei Santoso,4,2,Junior,Male,2021-05-04,2024-01-04,29500,Left
1260,Ioana Bakker,1,2,Junior,Female,2025-01-15,,37000,Active
1261,Noor Johnson,6,8,Junior,Male,2024-03-07,,30000,Active
1262,Ana Nikolic,4,7,Medior,Female,2020-02-02,,44000,Active
1263,Teodora Bakker,8,3,Senior,Female,2026-01-05,,74000,Active
1264,Daan Dumitru,5,4,Junior,Female,2021-12-24,,41000,Active
1265,Lucas Dumitru,7,5,Medior,Male,2018-02-08,,45000,Active
1266,Andrei Brown,4,6,Junior,Female,2022-09-07,,41000,Active
1267,Elena Smith,5,7,Lead,Female,2025-08-27,,85500,Active
1268,Sara Bakker,1,2,Senior,Male,2022-08-10,,65500,Active
1269,Maja Ionescu,8,4,Junior,Male,2023-06-04,2026-05-07,36500,Left
1270,Sophie De Vries,1,1,Medior,Female,2022-05-27,2025-07-13,48500,Left
1271,Andrei Johnson,4,7,Junior,Male,2020-11-16,2025-09-20,31500,Left
1272,Daan Williams,4,2,Junior,Male,2019-11-24,,33500,Active
1273,Stefan Jansen,6,4,Senior,Female,2025-08-13,,71500,Active
1274,Vuk De Vries,5,5,Medior,Male,2020-10-13,,47000,Active
1275,Elena Brown,5,2,Medior,Male,2020-12-23,,46000,Active
1276,Marko Petrovic,5,1,Medior,Male,2019-08-30,2020-04-11,48000,Left
1277,Elena Stojanovic,6,3,Senior,Female,2021-11-16,,77000,Active
1278,Ioana Johnson,8,7,Junior,Male,2026-01-15,,31000,Active
1279,Ana Peeters,8,2,Medior,Female,2025-06-13,2026-03-01,51000,Left
1280,Emma Smith,5,6,Medior,Female,2025-10-19,,56000,Active
1281,Laura Petrovic,2,6,Junior,Male,2020-07-06,,31000,Active
1282,John Johnson,4,1,Senior,Male,2018-05-23,2018-11-04,69000,Left
1283,Ivana Wirawan,6,1,Junior,Female,2019-09-27,2025-03-04,30000,Left
1284,Daan Janssens,2,4,Medior,Male,2019-12-17,,45500,Active
1285,Jelena Stojanovic,7,3,Medior,Male,2018-09-08,,44000,Active
1286,Laura Popescu,7,3,Medior,Female,2018-01-22,,50500,Active
1287,Luka Markovic,7,4,Junior,Female,2018-01-14,2020-11-09,35000,Left
1288,Filip Maes,6,4,Lead,Male,2023-12-10,,105000,Active
1289,Sven Bakker,8,3,Lead,Female,2024-06-14,,89500,Active
1290,Teodora Smith,8,8,Junior,Male,2019-10-24,,32500,Active
1291,Petar Peeters,3,5,Senior,Female,2022-10-04,,68500,Active
1292,Petar Peeters,4,1,Junior,Male,2018-12-19,,37000,Active
1293,Sven Markovic,4,5,Senior,Female,2020-08-14,,62000,Active
1294,Maja Janssens,8,2,Medior,Male,2025-01-23,,42500,Active
1295,Mateo Nikolic,2,7,Medior,Male,2024-10-03,2025-08-08,54000,Left
1296,Nikola Brown,6,5,Medior,Female,2020-01-25,2024-01-18,54000,Left
1297,Ana Santoso,3,2,Senior,Male,2023-08-31,2026-04-27,84000,Left
1298,Sven Johnson,4,6,Lead,Male,2022-06-11,,96500,Active
1299,Luka Popescu,5,1,Junior,Female,2025-11-24,,40000,Active
1300,Elena Smith,8,7,Lead,Female,2022-07-05,,85000,Active
1301,Luka Visser,3,5,Medior,Female,2020-04-17,2026-01-16,44000,Left
1302,Noor Peeters,7,7,Medior,Female,2019-04-05,,54500,Active
1303,David Jansen,8,2,Lead,Female,2019-09-22,,101500,Active
1304,Sophie Bakker,4,8,Senior,Male,2021-07-04,,66000,Active
1305,David Visser,4,4,Senior,Female,2019-07-30,,83000,Active
1306,Ivana Petrovic,5,1,Senior,Male,2023-07-14,,75500,Active
1307,Petar Maes,6,4,Senior,Male,2024-01-13,2025-03-14,61500,Left
1308,Daan Popescu,7,5,Junior,Male,2024-07-09,,28500,Active
1309,Lena Popescu,6,5,Junior,Male,2023-12-07,,29000,Active
1310,Laura Visser,4,2,Medior,Female,2020-10-05,,43000,Active
1311,Emma Smith,6,2,Medior,Female,2021-06-28,,58000,Active
1312,Marko Santoso,3,2,Manager,Female,2021-05-31,2024-11-18,106500,Left
1313,Sven Visser,5,4,Medior,Male,2024-01-08,,47500,Active
1314,Luka Peeters,1,7,Junior,Male,2019-01-10,2024-10-03,37500,Left
1315,Ana Visser,7,2,Medior,Male,2019-06-01,,54000,Active
1316,Ioana De Vries,6,2,Manager,Female,2024-10-10,,122000,Active
1317,Noor Smith,4,3,Senior,Male,2018-10-30,,72000,Active
1318,Nikola Peeters,3,7,Senior,Male,2025-10-19,,63000,Active
1319,Budi Johnson,6,4,Medior,Female,2020-12-28,,53500,Active
1320,Emma Dumitru,1,1,Medior,Male,2019-07-29,,47500,Active
1321,Mila Markovic,1,3,Senior,Male,2025-03-21,,79500,Active
1322,Mila Santoso,6,3,Medior,Male,2019-05-09,,43500,Active
1323,Petar Wirawan,3,5,Senior,Male,2020-09-27,,75500,Active
1324,Sophie Petrovic,1,5,Junior,Female,2020-04-01,,28000,Active
1325,Mila Visser,5,3,Medior,Female,2019-12-12,,44000,Active
1326,Ioana Wirawan,1,3,Medior,Female,2018-11-01,,50500,Active
1327,Budi Jovanovic,6,6,Junior,Male,2025-12-24,,39000,Active
1328,Sophie Smith,8,2,Medior,Female,2020-10-23,,48000,Active
1329,Maja Williams,4,5,Junior,Female,2021-03-23,,32500,Active
1330,Ioana Johnson,3,8,Medior,Male,2022-10-30,,53000,Active
1331,Ioana Petrovic,3,5,Senior,Male,2024-08-08,,73000,Active
1332,Sophie Stojanovic,1,4,Medior,Male,2018-12-02,2024-02-12,48500,Left
1333,Lena Johnson,6,3,Junior,Female,2020-02-28,,28000,Active
1334,Noor Maes,5,7,Medior,Male,2019-01-08,2026-02-21,45500,Left
1335,Elena De Vries,2,1,Medior,Male,2018-04-16,,51500,Active
1336,Ana Brown,7,7,Senior,Male,2018-12-16,,79500,Active
1337,Luka Markovic,7,8,Senior,Male,2024-01-16,,63500,Active
1338,Stefan Janssens,4,4,Junior,Female,2020-08-09,,36000,Active
1339,Emma Popescu,5,2,Senior,Female,2021-04-10,,65000,Active
1340,Sara Santoso,4,1,Junior,Male,2021-07-24,,34500,Active
1341,Emma Bakker,1,5,Senior,Male,2020-09-10,,70500,Active
1342,Jelena Wirawan,3,5,Senior,Female,2020-12-08,,63000,Active
1343,Sven Williams,4,2,Senior,Female,2025-12-14,2026-03-01,65000,Left
1344,Jelena Nikolic,4,2,Medior,Female,2025-06-27,,58500,Active
1345,Putri Santoso,5,7,Medior,Female,2019-10-24,,53500,Active
1346,Putri Williams,1,6,Junior,Male,2022-03-27,,36500,Active
1347,Ana Popescu,3,7,Junior,Male,2020-07-09,2022-10-16,29000,Left
1348,Budi Peeters,4,6,Medior,Female,2025-05-08,,53500,Active
1349,Mateo Johnson,6,4,Senior,Female,2025-02-14,,66500,Active
1350,Lena Brown,8,1,Lead,Female,2023-04-07,,101000,Active
1351,Mila Brown,4,2,Medior,Male,2019-12-09,,48500,Active
1352,Teodora Smith,6,8,Junior,Male,2018-06-09,,39000,Active
1353,John Jansen,3,6,Medior,Male,2024-08-25,,54000,Active
1354,Luka Peeters,6,4,Manager,Female,2025-09-18,,109500,Active
1355,John Santoso,5,7,Medior,Male,2024-11-05,,52000,Active
1356,Andrei Johnson,7,8,Junior,Female,2025-04-19,2025-11-22,28500,Left
1357,Putri Wirawan,8,6,Medior,Female,2026-04-16,,52500,Active
1358,Mateo Janssens,1,1,Medior,Male,2019-09-22,,50500,Active
1359,Emma Petrovic,8,7,Junior,Male,2024-09-19,,35000,Active
1360,Laura Peeters,2,5,Medior,Female,2024-11-12,2025-02-17,51500,Left
1361,Stefan Smith,2,3,Medior,Female,2023-12-02,,58500,Active
1362,David Smith,7,2,Medior,Male,2020-04-14,2023-09-29,51500,Left
1363,Jelena Santoso,6,4,Medior,Male,2021-12-13,2023-03-23,52000,Left
1364,Jelena Nikolic,6,2,Junior,Male,2019-07-15,,40000,Active
1365,Sara Ionescu,6,3,Senior,Male,2022-08-21,,67500,Active
1366,Teodora Janssens,5,3,Medior,Female,2018-03-14,,54500,Active
1367,Mila Brown,2,1,Senior,Female,2022-12-17,2023-11-07,65500,Left
1368,Mila Janssens,1,6,Medior,Male,2018-04-05,,47500,Active
1369,Ioana Johnson,1,6,Senior,Female,2026-01-25,,62500,Active
1370,Marko Maes,4,1,Medior,Female,2026-02-12,,49000,Active
1371,Noor Popescu,7,6,Junior,Male,2018-05-08,2018-10-06,39500,Left
1372,Andrei Nikolic,8,5,Junior,Female,2024-10-30,,40500,Active
1373,Stefan Janssens,7,3,Medior,Male,2025-06-03,,48500,Active
1374,Stefan Smith,6,3,Junior,Male,2024-07-20,,32500,Active
1375,Petar Jovanovic,3,1,Medior,Female,2022-01-26,2023-06-26,47000,Left
1376,Putri Petrovic,8,8,Junior,Female,2018-07-09,2021-02-05,34000,Left
1377,Vuk Santoso,7,4,Medior,Female,2022-06-27,,52000,Active
1378,Lucas Santoso,2,7,Senior,Male,2018-05-04,2019-08-28,79500,Left
1379,Putri De Vries,7,3,Medior,Female,2020-02-07,,56500,Active
1380,Ivana Maes,6,7,Senior,Female,2022-10-31,2024-08-18,63500,Left
1381,Sven Bakker,7,5,Medior,Male,2024-04-12,,46500,Active
1382,Daan Stojanovic,1,5,Junior,Female,2021-12-17,,37000,Active
1383,Noor Visser,4,1,Junior,Female,2024-07-13,2025-03-02,28500,Left
1384,Mateo Jovanovic,4,2,Medior,Female,2019-12-04,,52500,Active
1385,Lena Popescu,1,5,Senior,Female,2020-01-14,,67000,Active
1386,Nikola Nikolic,1,1,Medior,Female,2023-08-31,,52500,Active
1387,Vuk Peeters,2,4,Senior,Female,2019-03-01,,66000,Active
1388,Laura Santoso,8,4,Junior,Male,2018-08-30,,31500,Active
1389,Lena Popescu,3,6,Senior,Male,2020-01-29,,77000,Active
1390,Teodora Johnson,8,4,Medior,Male,2026-03-23,2026-05-28,56500,Left
1391,Teodora Peeters,5,3,Senior,Female,2020-04-24,2020-09-17,63000,Left
1392,Petar Popescu,5,8,Junior,Female,2022-07-27,,28000,Active
1393,Budi Wirawan,3,7,Junior,Male,2022-08-02,2023-12-10,40500,Left
1394,Daan Petrovic,6,6,Medior,Male,2024-10-25,,50500,Active
1395,Andrei Johnson,8,8,Junior,Male,2022-04-23,,39500,Active
1396,Mary Popescu,1,2,Junior,Male,2018-12-26,,41000,Active
1397,Luka Maes,6,1,Junior,Male,2023-01-02,,34500,Active
1398,Luka Janssens,2,2,Medior,Male,2018-07-09,,48500,Active
1399,Sara Stojanovic,5,5,Junior,Male,2022-02-20,2024-05-29,38500,Left
1400,Mary Janssens,7,1,Medior,Male,2026-01-18,,58500,Active
1401,Petar Smith,3,6,Junior,Female,2022-08-16,,32500,Active
1402,Vuk Stojanovic,5,4,Medior,Female,2025-10-08,2026-05-13,56000,Left
1403,Petar Ionescu,2,8,Lead,Female,2026-01-14,2026-04-04,97000,Left
1404,Nikola Jansen,7,2,Lead,Male,2020-02-19,,102500,Active
1405,Sophie Dumitru,6,7,Junior,Female,2023-04-12,2024-04-07,35500,Left
1406,David Visser,6,3,Junior,Female,2018-09-13,,36500,Active
1407,Sara Johnson,7,4,Medior,Male,2020-02-09,,54500,Active
1408,Petar Ionescu,4,5,Junior,Female,2021-12-01,,32000,Active
1409,Lena Nikolic,7,6,Senior,Male,2021-10-08,,68500,Active
1410,Laura Bakker,8,5,Senior,Female,2023-01-05,2023-06-21,69000,Left
1411,Andrei Wirawan,1,4,Medior,Female,2023-12-17,,58500,Active
1412,Putri Brown,1,2,Medior,Male,2020-05-23,,53500,Active
1413,Putri Wirawan,1,8,Senior,Male,2022-10-21,,71000,Active
1414,Sophie Markovic,4,1,Medior,Female,2025-03-30,2026-01-17,52500,Left
1415,Mateo Visser,3,7,Senior,Female,2025-03-19,,63500,Active
1416,Budi Janssens,4,7,Lead,Female,2021-01-29,,102000,Active
1417,Stefan Bakker,3,2,Senior,Female,2025-01-27,,61000,Active
1418,Sven Brown,6,6,Medior,Female,2023-07-17,,56500,Active
1419,Sven Bakker,4,5,Senior,Male,2024-05-09,,70500,Active
1420,Noor Smith,7,4,Junior,Male,2018-12-02,,34500,Active
1421,Petar Janssens,2,3,Medior,Female,2018-06-11,,58000,Active
1422,Jelena Petrovic,6,8,Senior,Female,2023-03-17,,82500,Active
1423,Petar Johnson,7,4,Senior,Male,2020-09-24,,73000,Active
1424,Luka Brown,7,1,Medior,Female,2020-01-10,2023-12-13,48000,Left
1425,Lena Dumitru,1,4,Junior,Female,2025-09-11,2025-12-26,41000,Left
1426,Andrei Brown,4,8,Junior,Female,2018-07-17,,29000,Active
1427,Andrei Stojanovic,4,3,Senior,Male,2022-05-02,,78500,Active
1428,Noor Markovic,2,2,Manager,Female,2020-04-16,,130000,Active
1429,Sven Santoso,6,5,Senior,Male,2023-03-01,,66000,Active
1430,Sara Petrovic,3,2,Lead,Male,2025-02-23,,108000,Active
1431,Maja Smith,8,5,Junior,Female,2019-08-04,,41500,Active
1432,Luka Dumitru,6,2,Medior,Female,2019-12-05,,52500,Active
1433,Mateo Dumitru,1,4,Senior,Male,2020-10-06,2023-06-23,62500,Left
1434,Noor Dumitru,4,1,Junior,Male,2023-01-26,,35500,Active
1435,Sara Jansen,2,6,Senior,Female,2019-07-02,2023-08-01,69000,Left
1436,Laura Smith,6,8,Junior,Male,2023-05-29,,31000,Active
1437,Maja Janssens,5,6,Medior,Female,2023-07-08,2025-05-15,49500,Left
1438,Ana Petrovic,2,2,Medior,Male,2022-09-16,,44500,Active
1439,Luka Stojanovic,3,7,Medior,Female,2019-11-21,,46000,Active
1440,Maja Nikolic,3,4,Junior,Female,2019-11-03,,35500,Active
1441,Sophie Jansen,4,8,Lead,Female,2021-12-20,,96500,Active
1442,Budi Bakker,2,5,Senior,Male,2024-06-19,,82500,Active
1443,Jelena Maes,3,3,Junior,Male,2026-04-20,,38500,Active
1444,John Stojanovic,2,5,Medior,Female,2024-10-28,2026-02-24,48000,Left
1445,Sophie Visser,7,1,Junior,Male,2024-07-02,,28500,Active
1446,Stefan Jovanovic,3,1,Junior,Male,2023-09-07,,35000,Active
1447,Vuk Bakker,6,2,Medior,Female,2022-06-22,2025-04-12,59500,Left
1448,Ana De Vries,2,2,Junior,Female,2022-03-18,,41000,Active
1449,Jelena Santoso,7,8,Medior,Female,2019-09-29,2021-07-07,50500,Left
1450,Andrei Nikolic,3,7,Medior,Male,2019-09-03,,43500,Active
1451,Ioana Dumitru,2,7,Medior,Male,2024-05-13,,54500,Active
1452,Stefan Smith,8,5,Senior,Male,2022-08-06,,66500,Active
1453,Laura Maes,1,8,Junior,Male,2020-02-21,,35500,Active
1454,Putri Williams,8,6,Senior,Female,2019-03-23,2025-03-04,76000,Left
1455,Noor Jovanovic,3,6,Junior,Female,2022-04-27,,37000,Active
1456,Emma Wirawan,3,5,Medior,Male,2024-08-23,2025-04-17,47500,Left
1457,Stefan Johnson,4,4,Junior,Male,2018-01-08,,36000,Active
1458,Lena Nikolic,7,7,Junior,Male,2025-02-27,,33000,Active
1459,Mila Maes,4,6,Medior,Male,2025-02-14,,48500,Active
1460,Jelena Visser,2,3,Medior,Male,2024-08-31,2025-07-15,42000,Left
1461,Daan Brown,8,5,Junior,Male,2020-10-11,,35000,Active
1462,Teodora Maes,6,6,Senior,Male,2019-09-05,,62000,Active
1463,Lena Williams,7,8,Lead,Male,2025-05-20,,100000,Active
1464,Stefan Markovic,5,2,Medior,Female,2020-10-09,,59000,Active
1465,Noor Brown,8,3,Lead,Male,2022-10-25,,93000,Active
1466,Maja Santoso,4,2,Junior,Female,2024-02-22,,31500,Active
1467,Luka Santoso,4,5,Medior,Female,2018-08-15,,57000,Active
1468,Lena Wirawan,1,3,Lead,Male,2019-10-08,,101000,Active
1469,Stefan Ionescu,8,2,Senior,Male,2024-11-09,,70500,Active
1470,Mateo Visser,8,5,Lead,Female,2022-12-27,,94000,Active
1471,Jelena Johnson,3,4,Junior,Male,2021-12-11,,37000,Active
1472,Budi Nikolic,1,7,Senior,Male,2018-12-04,2022-10-01,61000,Left
1473,Stefan Dumitru,7,3,Medior,Male,2025-11-24,2026-05-10,53000,Left
1474,Sophie Petrovic,2,3,Junior,Male,2024-05-08,,34000,Active
1475,Sophie Brown,1,4,Junior,Female,2023-05-13,,38500,Active
1476,Stefan Santoso,4,2,Senior,Male,2020-05-04,,69500,Active
1477,Mateo Santoso,1,5,Medior,Female,2019-06-17,,48000,Active
1478,Andrei Petrovic,1,7,Senior,Male,2023-07-13,,76500,Active
1479,Sven Popescu,1,6,Junior,Male,2024-03-07,,29000,Active
1480,Daan Williams,6,6,Medior,Female,2021-10-09,,57000,Active
1481,Mateo Johnson,6,7,Medior,Female,2025-07-12,2025-10-14,55500,Left
1482,Stefan Dumitru,6,7,Medior,Female,2018-10-08,2020-02-03,46000,Left
1483,Vuk Markovic,2,3,Senior,Male,2026-03-14,,79000,Active
1484,Daan Bakker,7,1,Junior,Female,2025-09-11,,41500,Active
1485,John Brown,5,5,Lead,Female,2019-02-02,,102000,Active
1486,Budi Maes,1,8,Junior,Female,2018-09-22,,38500,Active
1487,Noor Brown,1,3,Senior,Male,2020-03-31,,78000,Active
1488,David Visser,1,5,Medior,Male,2018-03-09,2021-01-19,56500,Left
1489,Sara Popescu,5,6,Lead,Male,2021-07-02,2023-07-26,108500,Left
1490,Vuk Jovanovic,8,6,Junior,Male,2020-11-24,,28500,Active
1491,Jelena Peeters,3,4,Medior,Female,2021-09-10,2025-06-28,54000,Left
1492,Ivana Stojanovic,3,1,Junior,Female,2023-04-13,,41500,Active
1493,Ana Nikolic,7,7,Manager,Female,2020-10-28,,123500,Active
1494,Maja Wirawan,1,3,Lead,Male,2024-01-31,,101500,Active
1495,Mila De Vries,3,6,Medior,Male,2024-03-29,,56500,Active
1496,Andrei Ionescu,7,4,Senior,Female,2018-05-12,,78000,Active
1497,Daan Maes,4,2,Medior,Female,2019-08-02,,53000,Active
1498,Marko Stojanovic,6,6,Medior,Male,2021-10-16,2026-05-10,51000,Left
1499,Sven Petrovic,2,3,Junior,Female,2025-03-05,2026-01-26,40500,Left
1500,Sara Smith,5,1,Junior,Male,2019-03-17,,38000,Active
1501,Emma Maes,5,5,Medior,Female,2021-12-26,,47500,Active
1502,Sara Jansen,3,4,Junior,Female,2021-04-28,,29000,Active
1503,Stefan Dumitru,1,8,Medior,Male,2018-12-07,,45500,Active
1504,Petar Peeters,1,8,Junior,Female,2024-08-26,,34000,Active
1505,Mateo Popescu,3,7,Medior,Male,2020-05-05,,44500,Active
1506,Teodora Maes,3,3,Junior,Female,2022-09-24,2025-01-09,29500,Left
1507,Maja Popescu,8,8,Junior,Male,2018-01-01,2018-03-20,39500,Left
1508,Ioana Stojanovic,1,5,Junior,Male,2024-10-28,,31000,Active
1509,Petar Ionescu,6,7,Manager,Male,2019-06-04,,113000,Active
1510,Emma Santoso,2,4,Senior,Female,2022-09-07,2025-03-04,73500,Left
1511,Teodora Brown,8,4,Medior,Male,2019-08-17,2024-08-24,52500,Left
1512,Lucas Brown,7,2,Medior,Male,2025-05-26,,56000,Active
1513,Putri Dumitru,3,5,Senior,Female,2024-11-02,,61500,Active
1514,John Petrovic,4,3,Senior,Male,2025-07-23,2026-01-19,67500,Left
1515,Lena Nikolic,3,8,Junior,Male,2022-06-17,,41500,Active
1516,Daan Santoso,3,1,Senior,Female,2018-09-25,,78500,Active
1517,Elena Janssens,6,1,Medior,Female,2021-10-12,,51000,Active
1518,Stefan Wirawan,6,4,Medior,Female,2021-12-02,,47500,Active
1519,Mila De Vries,1,5,Lead,Male,2024-10-03,2026-02-03,109500,Left
1520,Sven Smith,3,3,Medior,Male,2023-03-05,,43500,Active
1521,David Dumitru,3,8,Lead,Female,2023-09-02,,101500,Active
1522,John Markovic,7,2,Medior,Female,2021-02-15,2025-10-07,52000,Left
1523,Daan Wirawan,3,5,Medior,Male,2024-10-04,2025-06-13,53000,Left
1524,Teodora Popescu,7,3,Medior,Female,2021-12-13,,53000,Active
1525,Luka Ionescu,5,8,Medior,Female,2023-01-04,,50500,Active
1526,Ivana Williams,4,1,Junior,Female,2020-04-12,,29000,Active
1527,Lucas Williams,3,3,Medior,Female,2021-10-31,,42000,Active
1528,Ioana Dumitru,3,2,Junior,Female,2023-07-31,2024-09-25,34500,Left
1529,Laura Janssens,5,6,Medior,Female,2023-12-13,,59000,Active
1530,Luka Markovic,4,5,Senior,Female,2022-04-22,,66000,Active
1531,Maja De Vries,1,5,Medior,Female,2020-02-25,2025-11-28,48000,Left
1532,Ioana Janssens,5,8,Manager,Female,2022-03-04,,134500,Active
1533,Laura Janssens,7,3,Medior,Female,2024-06-10,2025-08-08,47000,Left
1534,Ioana Peeters,6,7,Senior,Female,2020-02-01,,60000,Active
1535,Lena Peeters,1,4,Manager,Male,2018-12-25,,109500,Active
1536,Sven Ionescu,4,3,Manager,Male,2020-06-27,,126500,Active
1537,Noor Ionescu,1,8,Senior,Male,2023-11-22,,69000,Active
1538,Ivana Johnson,5,4,Junior,Male,2025-01-11,2025-12-20,36500,Left
1539,Petar Visser,6,5,Junior,Female,2021-02-14,,36000,Active
1540,Vuk Williams,4,5,Junior,Male,2024-09-08,,37500,Active
1541,Lena Smith,1,3,Junior,Female,2019-07-12,2022-06-23,41500,Left
1542,Vuk Popescu,6,7,Manager,Female,2022-11-07,2025-04-04,129500,Left
1543,John Nikolic,7,3,Medior,Male,2022-05-30,2025-12-19,44000,Left
1544,Lucas Wirawan,3,2,Medior,Female,2022-09-11,,57000,Active
1545,Sophie Petrovic,5,3,Medior,Female,2025-09-20,,51000,Active
1546,Putri Peeters,1,1,Junior,Male,2018-04-26,,35000,Active
1547,Mila Maes,6,3,Lead,Female,2024-01-04,,92500,Active
1548,Jelena Petrovic,8,6,Medior,Male,2022-09-21,,43000,Active
1549,Putri Ionescu,8,6,Senior,Male,2026-02-01,,82000,Active
1550,Ivana Williams,6,7,Senior,Male,2019-11-27,,80500,Active
1551,Marko Bakker,8,7,Junior,Female,2025-10-12,,32000,Active
1552,Lena Williams,1,7,Junior,Female,2018-01-25,,37500,Active
1553,Nikola Dumitru,1,7,Senior,Male,2024-02-14,,67000,Active
1554,Petar Wirawan,7,1,Senior,Male,2025-07-13,,79500,Active
1555,Mila Maes,6,3,Junior,Female,2019-02-18,,30000,Active
1556,Noor Janssens,5,5,Junior,Female,2018-07-07,2024-03-12,33000,Left
1557,Mila Markovic,1,7,Lead,Male,2020-12-25,,100000,Active
1558,Teodora Popescu,2,5,Junior,Male,2024-06-27,,40500,Active
1559,John Maes,7,6,Junior,Female,2021-08-06,2022-07-26,30500,Left
1560,Mila Nikolic,5,7,Junior,Female,2025-08-12,,35000,Active
1561,Jelena Dumitru,5,3,Senior,Female,2019-03-13,,62500,Active
1562,Noor Wirawan,7,7,Senior,Male,2025-08-05,,70500,Active
1563,Elena Nikolic,2,6,Medior,Female,2022-01-19,2024-01-08,42000,Left
1564,Teodora Janssens,6,7,Junior,Female,2018-02-22,,41000,Active
1565,Budi Stojanovic,4,7,Lead,Female,2025-09-24,,90500,Active
1566,Budi Williams,3,1,Lead,Male,2018-12-20,,100500,Active
1567,Mateo Santoso,6,6,Medior,Male,2020-09-17,2024-05-03,45000,Left
1568,Ana Dumitru,5,4,Medior,Male,2022-12-05,,44000,Active
1569,Laura Jansen,3,1,Medior,Male,2019-09-25,,47500,Active
1570,Ioana Johnson,7,3,Medior,Female,2025-04-13,,58000,Active
1571,Jelena Stojanovic,3,5,Lead,Female,2025-04-25,2025-08-18,107000,Left
1572,John Markovic,3,1,Junior,Male,2023-05-03,2026-01-15,40000,Left
1573,Sophie Williams,5,3,Junior,Male,2018-01-23,,31500,Active
1574,Mila Maes,7,1,Manager,Female,2019-06-07,2024-07-18,128000,Left
1575,Teodora Stojanovic,4,5,Junior,Female,2026-04-15,,33500,Active
1576,Budi Maes,7,8,Medior,Female,2021-08-20,2024-03-07,43000,Left
1577,Nikola Smith,7,1,Medior,Female,2021-06-13,,51000,Active
1578,Vuk Bakker,8,1,Medior,Male,2021-01-28,2021-04-28,57000,Left
1579,Sven Popescu,1,4,Medior,Male,2020-08-09,,44000,Active
1580,Putri Smith,3,4,Medior,Male,2018-06-11,,56500,Active
1581,Luka Popescu,1,4,Junior,Female,2019-06-24,2021-11-21,29000,Left
1582,Putri Johnson,1,6,Junior,Male,2022-03-29,,35000,Active
1583,Maja Dumitru,6,5,Medior,Female,2023-10-02,,53500,Active
1584,Daan Smith,4,6,Medior,Female,2023-06-29,,50000,Active
1585,Petar Wirawan,4,6,Medior,Female,2023-11-29,,44000,Active
1586,Filip De Vries,4,2,Senior,Male,2024-09-22,,61000,Active
1587,Putri Maes,1,8,Medior,Female,2025-10-02,,53500,Active
1588,Sara Petrovic,1,2,Lead,Female,2022-09-02,2023-04-24,101000,Left
1589,John Dumitru,1,1,Medior,Male,2022-10-26,,59500,Active
1590,Stefan Williams,8,3,Junior,Male,2023-08-22,,41500,Active
1591,Petar Nikolic,8,1,Medior,Male,2025-04-24,,46000,Active
1592,Sara Smith,8,3,Junior,Male,2020-12-18,,36500,Active
1593,Jelena Santoso,7,4,Lead,Female,2021-06-03,,104500,Active
1594,David Bakker,7,5,Junior,Male,2022-06-14,2025-09-13,36500,Left
1595,Mary Dumitru,1,1,Senior,Female,2025-01-31,,76500,Active
1596,Filip Petrovic,2,1,Junior,Male,2024-08-06,,39500,Active
1597,Vuk Bakker,5,8,Medior,Male,2024-05-03,,50500,Active
1598,Ivana Dumitru,1,1,Medior,Male,2023-06-18,,50500,Active
1599,Mila Markovic,6,2,Medior,Male,2022-09-20,2024-05-30,56500,Left
1600,Noor Ionescu,3,8,Lead,Female,2023-01-18,,99500,Active
1601,Jelena Petrovic,5,2,Manager,Male,2023-05-01,,119000,Active
1602,Budi Johnson,2,6,Junior,Male,2025-03-30,,34500,Active
1603,Jelena Johnson,6,5,Medior,Female,2022-10-24,,47000,Active
1604,Ana Nikolic,8,3,Lead,Male,2019-09-12,,109000,Active
1605,Maja Stojanovic,3,4,Lead,Male,2022-08-19,2023-07-16,97500,Left
1606,Andrei Maes,4,3,Senior,Female,2024-10-29,,83500,Active
1607,Stefan Popescu,3,5,Lead,Male,2023-06-30,,85500,Active
1608,Stefan Petrovic,8,2,Manager,Male,2019-09-11,2024-11-17,124500,Left
1609,Noor Maes,8,4,Medior,Female,2024-08-06,2024-10-12,52500,Left
1610,Stefan Johnson,4,8,Senior,Male,2020-11-28,,72000,Active
1611,Ana Janssens,2,4,Lead,Female,2018-05-17,,103500,Active
1612,Luka Stojanovic,8,2,Lead,Female,2024-01-28,,109500,Active
1613,Ana Maes,3,6,Lead,Female,2024-11-08,,94000,Active
1614,Daan Santoso,2,4,Junior,Female,2022-08-04,,29000,Active
1615,Mateo Nikolic,8,1,Medior,Male,2019-10-29,2024-02-27,44000,Left
1616,Vuk Nikolic,5,6,Medior,Male,2020-09-06,,44000,Active
1617,Sophie Williams,4,5,Manager,Female,2025-07-28,,104500,Active
1618,Lucas Brown,2,5,Senior,Male,2023-12-02,,75000,Active
1619,John Johnson,5,2,Junior,Male,2018-11-11,2021-12-09,32000,Left
1620,Teodora Dumitru,5,8,Junior,Female,2022-11-08,2025-01-08,41500,Left
